City_ID,City,Country,Lat,Lng,Max Temp,Humidity,Cloudiness,Wind Speed,Current Description
0,Albany,US,42.6001,-73.9662,61.38,79,100,4.0,overcast clouds
1,Litovko,RU,49.2361,135.1742,70.63,68,97,10.31,overcast clouds
2,Padang,ID,-0.9492,100.3543,71.65,87,100,7.07,overcast clouds
3,Mataura,NZ,-46.1927,168.8643,44.47,92,45,1.03,scattered clouds
4,Kodiak,US,57.79,-152.4072,48.65,93,99,6.44,overcast clouds
5,Avenal,US,36.0041,-120.129,94.84,25,0,19.28,clear sky
6,Hermanus,ZA,-34.4187,19.2345,57.79,79,92,16.04,light rain
7,Busselton,AU,-33.65,115.3333,48.09,80,93,9.66,overcast clouds
8,Yangambi,CD,0.8102,24.4336,69.04,95,100,2.15,overcast clouds
9,Namibe,AO,-15.1961,12.1522,67.75,88,26,0.98,scattered clouds
10,Avarua,CK,-21.2078,-159.775,78.85,65,20,4.61,few clouds
11,Nikolskoye,RU,59.7035,30.7861,73.87,93,96,5.1,overcast clouds
12,Esperance,AU,-33.8667,121.9,53.44,79,100,29.62,light rain
13,Awjilah,LY,29.1081,21.2869,87.76,26,0,6.02,clear sky
14,Tiksi,RU,71.6872,128.8694,49.55,59,97,11.45,overcast clouds
15,Ippy,CF,6.2679,21.2247,68.59,97,100,2.95,overcast clouds
16,Puerto Ayora,EC,-0.7393,-90.3518,78.76,88,47,7.0,scattered clouds
17,Royan,FR,45.6285,-1.0281,60.78,92,64,10.04,broken clouds
18,Langenburg,DE,49.2544,9.8458,64.42,94,75,3.44,fog
19,Khatanga,RU,71.9667,102.5,52.75,61,44,18.77,scattered clouds
20,Bose,IT,45.4612,8.0137,65.79,92,72,5.79,light rain
21,Bonavista,CA,48.6499,-53.1147,75.2,77,53,16.06,broken clouds
22,Geraldton,AU,-28.7667,114.6,46.81,93,75,9.22,broken clouds
23,Radcliff,US,37.8404,-85.9491,74.23,35,1,8.05,clear sky
24,Runkel,DE,50.4,8.1667,62.58,94,53,4.0,broken clouds
25,Port Shepstone,ZA,-30.7414,30.455,64.54,46,0,7.47,clear sky
26,Port Alfred,ZA,-33.5906,26.891,62.83,78,49,7.65,scattered clouds
27,Isangel,VU,-19.55,169.2667,77.11,69,40,11.5,scattered clouds
28,Atuona,PF,-9.8,-139.0333,78.08,79,66,7.31,light rain
29,Barrow,US,71.2906,-156.7887,46.42,61,1,5.75,clear sky
30,Hit,IQ,33.6416,42.8251,85.55,22,0,10.69,clear sky
31,Hithadhoo,MV,-0.6,73.0833,81.86,69,98,6.4,light rain
32,San Patricio,US,28.017,-97.5169,87.85,55,41,12.62,scattered clouds
33,Muros,ES,42.7762,-9.0603,60.24,81,41,12.57,scattered clouds
34,Byron Bay,AU,-28.65,153.6167,64.06,74,100,2.95,overcast clouds
35,Sao Jose Da Coroa Grande,BR,-8.8978,-35.1478,75.9,82,8,6.58,clear sky
36,Tuktoyaktuk,CA,69.4541,-133.0374,39.2,93,90,8.05,overcast clouds
37,Lebane,RS,42.9239,21.7375,73.99,86,6,2.82,clear sky
38,Akividu,IN,16.6,81.3833,83.35,70,100,6.46,overcast clouds
39,Punta Arenas,CL,-53.15,-70.9167,35.62,75,75,3.44,broken clouds
40,Picos,BR,-7.0769,-41.4669,78.55,54,14,4.09,few clouds
41,Tevaitoa,PF,-16.7833,-151.5,79.74,75,15,5.55,light rain
42,Roald,NO,62.5833,6.1333,55.17,93,4,5.75,clear sky
43,Gizo,SB,-8.103,156.8419,82.96,78,87,21.9,light rain
44,Kruisfontein,ZA,-34.0033,24.7314,51.89,89,56,1.74,broken clouds
45,Ulaanbaatar,MN,47.9077,106.8832,51.93,93,40,2.24,scattered clouds
46,Norfolk,US,42.1668,-71.2495,65.97,95,90,3.44,light rain
47,Klaksvik,FO,62.2266,-6.589,47.32,90,100,7.63,overcast clouds
48,Kysyl-Syr,RU,63.8986,122.7617,81.03,45,61,2.46,broken clouds
49,Ribeira Grande,PT,38.5167,-28.7,67.28,70,99,1.72,overcast clouds
50,Kawalu,ID,-7.3817,108.2082,71.08,97,90,0.51,overcast clouds
51,Kavieng,PG,-2.5744,150.7967,83.1,75,14,10.56,light rain
52,Cape Town,ZA,-33.9258,18.4232,59.88,83,40,5.01,light rain
53,Jamestown,US,42.097,-79.2353,60.19,59,75,14.0,broken clouds
54,Santa Rosa,PH,14.3122,121.1114,80.91,87,100,3.91,overcast clouds
55,Putina,PE,-15.4667,-69.4333,47.73,67,61,8.57,broken clouds
56,Lebu,CL,-37.6167,-73.65,56.41,86,100,28.03,moderate rain
57,Aktash,RU,50.3,87.7333,33.73,97,100,3.06,snow
58,Hanzhong,CN,33.0728,107.0303,72.28,76,94,2.21,overcast clouds
59,Makakilo City,US,21.3469,-158.0858,85.6,52,20,8.05,few clouds
60,Cidreira,BR,-30.1811,-50.2056,60.58,90,13,9.64,few clouds
61,San Cristobal,VE,7.7669,-72.225,75.38,87,98,2.93,overcast clouds
62,Ancud,CL,-41.8697,-73.8203,45.93,91,100,10.11,moderate rain
63,Guerrero Negro,MX,27.9769,-114.0611,74.3,63,17,13.44,few clouds
64,Bethel,US,41.3712,-73.414,62.47,90,100,1.99,moderate rain
65,Luderitz,NA,-26.6481,15.1594,57.52,93,4,9.24,clear sky
66,Kutum,SD,14.2,24.6667,76.37,46,92,13.35,overcast clouds
67,Vaini,TO,-21.2,-175.2,77.16,83,75,5.75,broken clouds
68,Zhangye,CN,38.9342,100.4517,68.54,52,44,9.64,scattered clouds
69,Buraydah,SA,26.326,43.975,91.85,12,0,8.63,clear sky
70,Boyolangu,ID,-8.1181,111.8935,73.96,95,66,0.87,broken clouds
71,Georgetown,MY,5.4112,100.3354,75.15,95,40,1.99,moderate rain
72,Jalu,LY,29.0331,21.5482,87.76,27,0,4.68,clear sky
73,Katsuura,JP,35.1333,140.3,74.19,83,100,14.61,overcast clouds
74,Touros,BR,-5.1989,-35.4608,77.9,77,27,11.79,scattered clouds
75,Saskylakh,RU,71.9167,114.0833,52.16,64,75,13.06,broken clouds
76,Hilo,US,19.7297,-155.09,82.26,83,65,4.0,broken clouds
77,Port Elizabeth,ZA,-33.918,25.5701,55.69,88,0,3.44,clear sky
78,Bonfim,BR,3.0833,-59.95,78.37,80,50,2.08,scattered clouds
79,Saint-Philippe,RE,-21.3585,55.7679,63.21,83,68,12.15,light rain
80,Ushuaia,AR,-54.8,-68.3,44.26,49,40,12.66,scattered clouds
81,New Norfolk,AU,-42.7826,147.0587,44.74,91,100,2.95,overcast clouds
82,Rikitea,PF,-23.1203,-134.9692,75.63,77,52,11.65,light rain
83,Ilulissat,GL,69.2167,-51.1,45.57,52,0,7.92,clear sky
84,Castro,BR,-24.7911,-50.0119,53.51,95,36,3.67,scattered clouds
85,Matamoros,MX,25.5333,-103.25,93.65,25,92,19.69,overcast clouds
86,Cabedelo,BR,-6.9811,-34.8339,75.87,81,6,10.54,clear sky
87,Paris,FR,48.8534,2.3488,58.21,89,90,1.99,overcast clouds
88,Opatija,HR,45.3392,14.3083,77.68,78,3,3.13,clear sky
89,Margate,GB,51.3813,1.3862,55.87,73,100,5.01,overcast clouds
90,Mar Del Plata,AR,-38.0023,-57.5575,54.12,62,0,11.99,clear sky
91,Qaanaaq,GL,77.484,-69.3632,42.3,56,82,7.87,broken clouds
92,Saint George,US,37.1041,-113.5841,104.63,10,1,7.0,clear sky
93,Empalme,MX,27.9667,-110.8167,97.36,46,16,11.7,few clouds
94,Neokhorion,GR,41.1833,23.25,77.22,88,28,3.02,scattered clouds
95,Manzhouli,CN,49.6,117.4333,69.08,51,8,2.77,clear sky
96,Campechuela,CU,20.2342,-77.2789,82.87,80,95,6.4,moderate rain
97,Tuatapere,NZ,-46.1333,167.6833,44.82,82,51,0.6,broken clouds
98,Astoria,US,46.1879,-123.8313,82.09,76,40,11.5,scattered clouds
99,Tosham,IN,28.8833,75.9167,93.36,31,30,4.92,scattered clouds
100,Torbay,CA,47.6666,-52.7314,74.17,53,75,10.36,broken clouds
101,Kaitangata,NZ,-46.2817,169.8464,43.81,80,28,1.79,scattered clouds
102,Turukhansk,RU,65.8167,87.9833,41.31,95,100,10.58,overcast clouds
103,Kresttsy,RU,58.2452,32.5165,70.05,73,96,4.85,overcast clouds
104,Salinopolis,BR,-0.6136,-47.3561,79.48,79,7,10.2,clear sky
105,Tecoanapa,MX,16.5167,-98.75,85.48,70,94,7.58,overcast clouds
106,Faanui,PF,-16.4833,-151.75,79.97,74,26,6.26,light rain
107,Victoria,HK,22.2855,114.1577,82.33,86,100,5.99,overcast clouds
108,Bredasdorp,ZA,-34.5322,20.0403,57.27,77,83,9.22,broken clouds
109,Sao Joao Da Barra,BR,-21.6403,-41.0511,68.14,82,52,10.89,broken clouds
110,Alice Springs,AU,-23.7,133.8833,51.35,100,90,3.44,overcast clouds
111,Mizdah,LY,31.4451,12.9801,90.18,19,71,6.91,broken clouds
112,Port Hardy,CA,50.6996,-127.4199,60.98,72,75,12.66,broken clouds
113,Thompson,CA,55.7435,-97.8558,71.76,30,75,10.36,broken clouds
114,Nara,JP,34.6851,135.8049,73.49,61,100,4.14,overcast clouds
115,Placido De Castro,BR,-10.3353,-67.1856,79.68,61,97,1.79,overcast clouds
116,Ponta Do Sol,PT,32.6667,-17.1,69.71,69,68,5.39,broken clouds
117,Chapais,CA,49.7834,-74.8492,53.38,48,85,7.83,overcast clouds
118,Ornskoldsvik,SE,63.2909,18.7153,58.15,94,90,3.44,overcast clouds
119,Vengerovo,RU,55.6848,76.7471,45.75,89,96,3.76,overcast clouds
120,Port Blair,IN,11.6667,92.75,82.31,78,100,16.42,overcast clouds
121,Dingle,PH,10.9995,122.6711,78.1,79,100,3.06,overcast clouds
122,Alcala La Real,ES,37.4614,-3.923,63.91,57,7,1.99,clear sky
123,Nicoya,CR,10.1483,-85.452,80.15,88,84,4.16,light rain
124,Oksfjord,NO,70.2396,22.3479,48.27,93,99,7.09,overcast clouds
125,Araouane,ML,18.9048,-3.5265,90.27,32,1,13.69,clear sky
126,Ochamchira,GE,42.7121,41.4721,67.24,93,3,4.16,clear sky
127,Cabo San Lucas,MX,22.8909,-109.9124,96.8,69,35,16.06,scattered clouds
128,Severo-Kurilsk,RU,50.6789,156.125,46.6,85,66,6.73,broken clouds
129,Sosua,DO,19.7667,-70.5167,82.53,78,40,9.22,scattered clouds
130,Saint-Michel-Des-Saints,CA,46.6834,-73.9159,55.94,54,100,4.7,overcast clouds
131,Trelew,AR,-43.249,-65.3051,50.29,78,100,14.25,overcast clouds
132,Bolotnoye,RU,55.6717,84.3981,46.78,98,100,6.82,light rain
133,Taksimo,RU,56.3444,114.8794,70.54,56,24,0.94,few clouds
134,Jacareacanga,BR,-6.2222,-57.7528,82.08,50,65,1.3,broken clouds
135,Marsa Matruh,EG,31.3525,27.2453,75.4,69,0,5.75,clear sky
136,Dikson,RU,73.5069,80.5464,31.68,86,100,16.78,overcast clouds
137,Mount Isa,AU,-20.7333,139.5,56.97,58,39,1.14,scattered clouds
138,Chatham,GB,51.3789,0.5279,55.98,79,94,7.9,overcast clouds
139,Bluff,NZ,-46.6,168.3333,44.8,71,24,6.91,few clouds
140,Fortuna,US,40.5982,-124.1573,79.2,67,1,3.0,clear sky
141,Dukat,RU,62.55,155.55,55.78,48,100,4.29,overcast clouds
142,Maceio,BR,-9.6658,-35.7353,74.64,83,75,1.14,broken clouds
143,Pathein,MM,16.7833,94.7333,76.35,92,99,4.83,light rain
144,Silver City,US,32.7701,-108.2803,93.92,23,1,18.01,clear sky
145,Tasiilaq,GL,65.6145,-37.6368,38.48,72,5,4.59,clear sky
146,Hobart,AU,-42.8794,147.3294,45.1,92,0,3.0,clear sky
147,Aklavik,CA,68.2191,-135.0107,61.52,55,75,11.5,broken clouds
148,Ostrovnoy,RU,68.0531,39.5131,61.61,84,68,8.72,broken clouds
149,Chulman,RU,56.8479,124.9104,67.89,74,74,2.62,broken clouds
150,Rio Grande,BR,-32.035,-52.0986,57.94,80,100,14.83,overcast clouds
151,High Level,CA,58.5169,-117.136,68.11,68,75,13.8,light rain
152,Beaverlodge,CA,55.2166,-119.4361,79.95,43,53,8.99,broken clouds
153,Port Macquarie,AU,-31.4333,152.9167,54.9,78,97,4.81,overcast clouds
154,Kapaa,US,22.0752,-159.319,84.18,77,42,3.0,scattered clouds
155,Wajima,JP,37.4,136.9,67.35,83,19,4.63,few clouds
156,Menongue,AO,-14.6585,17.691,47.35,53,21,3.76,few clouds
157,Forestville,US,38.8451,-76.875,70.07,74,20,12.66,few clouds
158,Nome,US,64.5011,-165.4064,69.12,62,79,4.59,broken clouds
159,Mezen,RU,65.8522,44.24,63.7,93,72,2.59,broken clouds
160,Cherskiy,RU,68.75,161.3,68.76,39,36,4.41,scattered clouds
161,Palmer,US,42.1584,-72.3287,64.38,83,90,4.61,moderate rain
162,Sotouboua,TG,8.5667,0.9833,73.13,86,100,3.31,overcast clouds
163,Carnarvon,AU,-24.8667,113.6333,42.87,60,0,6.91,clear sky
164,Upernavik,GL,72.7868,-56.1549,45.0,54,2,9.04,clear sky
165,Puerto Madryn,AR,-42.7692,-65.0385,52.79,79,100,15.82,overcast clouds
166,Mahebourg,MU,-20.4081,57.7,68.29,83,75,10.36,light rain
167,Sandwick,GB,60.0,-1.25,51.62,82,40,10.36,scattered clouds
168,Olafsvik,IS,64.8945,-23.7142,46.99,79,6,11.34,clear sky
169,Talang,PH,15.0228,120.8375,80.94,81,100,1.92,overcast clouds
170,Arteaga,MX,18.4667,-102.4167,75.07,75,77,5.93,broken clouds
171,Lingao,CN,19.9103,109.6859,83.39,76,100,6.04,light rain
172,Kamennomostskiy,RU,44.2983,40.1856,67.78,95,49,3.33,scattered clouds
173,Bengkulu,ID,-3.8004,102.2655,74.39,89,43,6.62,scattered clouds
174,Gambo,CF,4.6482,22.2633,67.84,99,100,1.9,light rain
175,Leh,IN,34.1667,77.5833,48.22,63,81,4.12,broken clouds
176,Kita,ML,13.0349,-9.4895,78.3,63,89,5.46,overcast clouds
177,Beringovskiy,RU,63.05,179.3167,41.09,80,100,10.2,overcast clouds
178,Coihaique,CL,-45.5752,-72.0662,32.61,93,0,0.0,clear sky
179,Turayf,SA,31.6725,38.6637,75.45,33,0,8.05,clear sky
180,Ixtapa,MX,20.7,-105.2,81.23,82,96,4.0,overcast clouds
181,Ammon,US,43.4696,-111.9666,91.35,22,4,1.99,clear sky
182,Stanger,ZA,-29.3282,31.2895,63.0,35,3,5.59,clear sky
183,Pisco,PE,-13.7,-76.2167,64.45,82,90,5.75,overcast clouds
184,Bauchi,NG,10.5,10.0,70.02,86,73,2.48,broken clouds
185,Emilio Carranza,MX,19.9711,-96.6114,86.72,74,100,11.41,overcast clouds
186,Zyryanka,RU,65.75,150.85,67.21,40,100,4.21,overcast clouds
187,Hofn,IS,64.2539,-15.2082,50.25,62,1,12.88,clear sky
188,Flinders,AU,-34.5833,150.8552,59.38,84,99,4.0,overcast clouds
189,Xingcheng,CN,40.6167,120.7167,72.36,55,0,5.21,clear sky
190,Youghal,IE,51.95,-7.8506,52.59,100,100,6.8,light rain
191,Houma,US,29.5958,-90.7195,89.02,72,100,5.95,overcast clouds
192,Wukari,NG,7.85,9.7833,72.18,92,99,2.53,overcast clouds
193,Abu Samrah,SY,35.3029,37.1841,68.52,71,0,7.96,clear sky
194,Saldanha,ZA,-33.0117,17.9442,57.25,85,100,7.61,overcast clouds
195,Conceicao Da Barra,BR,-18.5933,-39.7322,70.12,80,51,4.23,broken clouds
196,Chokurdakh,RU,70.6333,147.9167,75.42,25,24,7.09,few clouds
197,Teya,RU,60.3778,92.6267,55.27,76,93,2.82,overcast clouds
198,Mozarlandia,BR,-14.7447,-50.5706,80.37,29,42,5.77,scattered clouds
199,Paamiut,GL,61.994,-49.6678,41.77,94,91,12.64,overcast clouds
200,Shingu,JP,33.7333,135.9833,71.91,78,100,9.04,overcast clouds
201,Kitimat,CA,54.0524,-128.6534,75.58,35,76,4.25,broken clouds
202,Conceicao Do Araguaia,BR,-8.2578,-49.2647,84.33,48,0,3.44,clear sky
203,Matucana,PE,-11.85,-76.4,37.18,62,57,3.24,broken clouds
204,Nemuro,JP,43.3236,145.575,53.78,88,0,8.3,clear sky
205,Vestmannaeyjar,IS,63.4427,-20.2734,48.15,76,100,10.31,overcast clouds
206,Bubaque,GW,11.2833,-15.8333,79.81,76,79,7.63,broken clouds
207,Port Moresby,PG,-9.4431,147.1797,80.02,78,20,3.44,haze
208,Coquimbo,CL,-29.9533,-71.3436,58.73,72,0,3.44,clear sky
209,Vanimo,PG,-2.6741,141.3028,80.17,83,24,5.68,few clouds
210,Gerzat,FR,45.8243,3.144,57.15,88,0,3.44,clear sky
211,Toppenish,US,46.3774,-120.3087,99.36,13,92,16.69,overcast clouds
212,Dawei,MM,14.0833,98.2,75.96,89,96,1.74,overcast clouds
213,Namatanai,PG,-3.6667,152.4333,83.7,71,28,4.0,light rain
214,Celestun,MX,20.8667,-90.4,87.84,69,82,14.16,broken clouds
215,Gat,IL,31.61,34.7642,74.08,100,0,2.42,clear sky
216,Pasighat,IN,28.0667,95.3333,75.9,96,100,1.21,overcast clouds
217,Bulgan,MN,48.8125,103.5347,56.25,84,10,1.1,clear sky
218,Butaritari,KI,3.0707,172.7902,83.08,70,34,7.94,scattered clouds
219,Micoud,LC,13.8167,-60.9,82.38,74,75,17.27,broken clouds
220,Broken Hill,AU,-31.95,141.4333,58.71,55,90,12.66,overcast clouds
221,Zhigansk,RU,66.7697,123.3711,74.89,51,59,3.6,broken clouds
222,Porosozero,RU,62.7191,32.727,68.88,66,2,6.53,clear sky
223,Rancho Palos Verdes,US,33.7445,-118.387,93.67,76,41,1.01,scattered clouds
224,Toguchin,RU,55.2353,84.3858,48.56,98,100,9.28,light rain
225,Aksarka,RU,66.5606,67.7975,43.75,64,51,9.8,broken clouds
226,Foumban,CM,5.7291,10.9001,63.45,95,100,2.01,light rain
227,Morgan City,US,29.6994,-91.2068,89.02,68,100,5.82,overcast clouds
228,Norman Wells,CA,65.282,-126.8329,60.84,44,75,10.36,broken clouds
229,Cururupu,BR,-1.8283,-44.8683,74.07,93,50,3.31,scattered clouds
230,Fukue,JP,32.6881,128.8419,72.0,80,0,13.94,clear sky
231,Santa Fe,AR,-31.6333,-60.7,57.99,74,12,3.0,few clouds
232,Belaya Gora,RU,68.5333,146.4167,71.89,33,3,4.43,clear sky
233,Yellowknife,CA,62.456,-114.3525,64.92,42,20,19.57,few clouds
234,Otane,NZ,-39.8833,176.6333,51.01,73,96,7.65,overcast clouds
235,Landerneau,FR,48.4525,-4.2525,56.16,90,0,8.05,clear sky
236,Spirit River,CA,55.7833,-118.8361,81.12,50,63,8.75,broken clouds
237,Mantua,IT,45.1667,10.7833,76.73,72,5,3.06,clear sky
238,Balykshi,KZ,47.0667,51.8667,78.8,25,0,8.95,clear sky
239,Hobara,JP,37.8167,140.55,72.3,72,100,2.77,overcast clouds
240,Shahreza,IR,32.0339,51.8794,66.76,12,0,2.59,clear sky
241,Buala,SB,-8.145,159.5921,83.03,76,56,12.17,moderate rain
242,La Palma,US,33.8464,-118.0467,97.81,54,75,8.99,broken clouds
243,Road Town,VG,18.4167,-64.6167,82.49,74,40,14.97,scattered clouds
244,Khasan,RU,42.4308,130.6434,61.34,76,1,3.4,clear sky
245,Noyabrsk,RU,63.1994,75.4507,44.58,72,100,8.7,overcast clouds
246,Pangnirtung,CA,66.1451,-65.7125,53.6,43,90,23.02,light rain
247,Richards Bay,ZA,-28.783,32.0377,60.12,55,6,7.27,clear sky
248,Tefe,BR,-3.3542,-64.7114,80.71,83,20,2.3,few clouds
249,Komsomolskiy,UZ,40.4272,71.7189,77.72,22,0,13.8,clear sky
250,Elesbao Veloso,BR,-6.2019,-42.1403,85.55,40,49,6.55,scattered clouds
251,Mirabad,AF,30.4362,61.8383,84.24,16,0,19.71,clear sky
252,Tiznit,MA,29.5833,-9.5,60.53,86,56,5.21,broken clouds
253,Thinadhoo,MV,0.5333,72.9333,82.29,73,90,9.53,overcast clouds
254,Iqaluit,CA,63.7506,-68.5145,38.93,100,90,20.0,light rain
255,Kahului,US,20.8947,-156.47,83.97,78,85,14.0,overcast clouds
256,Port Lincoln,AU,-34.7333,135.8667,51.6,81,33,20.02,scattered clouds
257,Sal Rei,CV,16.1833,-22.9167,72.16,85,79,14.05,broken clouds
258,Linjiang,CN,41.8069,126.9078,60.55,92,93,0.4,overcast clouds
259,Saint-Paul,RE,-21.0096,55.2707,63.73,80,20,3.0,few clouds
260,Batemans Bay,AU,-35.7167,150.1833,52.92,78,100,5.68,overcast clouds
261,Shache,CN,38.4167,77.2406,70.75,22,76,11.97,broken clouds
262,Pevek,RU,69.7008,170.3133,38.98,74,97,4.16,overcast clouds
263,Athabasca,CA,54.7169,-113.2854,83.89,42,55,14.88,broken clouds
264,Den Helder,NL,52.9599,4.7593,57.18,65,90,10.0,overcast clouds
265,Rudbar,AF,30.15,62.6,79.65,18,0,7.78,clear sky
266,Caravelas,BR,-17.7125,-39.2481,71.28,81,70,5.44,broken clouds
267,Hokitika,NZ,-42.7167,170.9667,50.76,56,0,2.42,clear sky
268,Labuhan,ID,-6.8844,112.2051,76.28,90,90,6.58,overcast clouds
269,Noumea,NC,-22.2763,166.4572,73.0,99,50,14.43,scattered clouds
270,East London,ZA,-33.0153,27.9116,68.18,72,54,6.44,broken clouds
271,Saint-Augustin,CA,51.226,-58.6502,57.67,98,100,8.34,overcast clouds
272,Bossangoa,CF,6.4926,17.4552,69.49,93,74,3.78,broken clouds
273,Mungwi,ZM,-10.1732,31.3694,53.83,79,63,4.76,broken clouds
274,Santa Maria,BR,-29.6842,-53.8069,56.5,100,90,8.05,overcast clouds
275,Port Stanley,FK,-51.7,-57.85,40.15,80,99,16.58,overcast clouds
276,Cucuta,CO,7.8833,-72.5053,82.35,65,40,4.61,scattered clouds
277,Ballina,AU,-28.8667,153.5667,57.78,96,100,4.61,overcast clouds
278,Guayaramerin,BO,-10.8368,-65.3614,79.57,62,92,1.14,overcast clouds
279,Egvekinot,RU,66.3167,-179.1667,47.39,54,100,5.99,overcast clouds
280,Itoman,JP,26.1247,127.6694,73.78,94,75,8.05,light rain
281,Bowen,AU,-20.0167,148.2333,64.62,66,77,14.16,broken clouds
282,Vrangel,RU,42.7297,133.0839,60.4,81,6,1.19,clear sky
283,Sokolo,ML,14.7328,-6.1219,79.77,57,98,23.49,overcast clouds
284,Heishan,CN,41.6892,122.1128,72.37,57,0,6.53,clear sky
285,Bambous Virieux,MU,-20.3428,57.7575,68.25,83,75,10.36,light rain
286,Belyy Yar,RU,53.6039,91.3903,55.29,94,75,2.24,moderate rain
287,Hudiksvall,SE,61.729,17.1036,55.53,81,100,4.72,overcast clouds
288,Garowe,SO,8.4054,48.4845,75.87,66,74,23.0,broken clouds
289,Kyzyl-Suu,KG,42.3414,78.0056,52.21,70,55,4.5,broken clouds
290,Kulhudhuffushi,MV,6.6221,73.07,81.57,79,100,16.04,overcast clouds
291,Bisira,PA,8.5196,-81.7115,64.0,92,90,0.67,overcast clouds
292,Port-Gentil,GA,-0.7193,8.7815,76.96,88,75,5.75,light rain
293,Mehamn,NO,71.0357,27.8492,44.01,92,100,18.54,overcast clouds
294,Debica,PL,50.0515,21.4114,71.65,92,91,1.99,overcast clouds
295,Praia,CV,14.9215,-23.5087,75.74,53,0,13.8,clear sky
296,Amahai,ID,-3.3333,128.9167,79.23,82,94,3.24,overcast clouds
297,Asfi,MA,32.2994,-9.2372,66.04,77,7,19.15,clear sky
298,Narsaq,GL,60.9167,-46.05,44.13,85,26,4.54,scattered clouds
299,Coahuayana,MX,18.7333,-103.6833,83.05,78,82,4.45,broken clouds
300,Bunia,CD,1.5667,30.25,62.53,91,59,2.95,broken clouds
301,Marshall,US,34.3834,-86.3333,80.96,55,1,3.0,clear sky
302,Petropavlovsk-Kamchatskiy,RU,53.0452,158.6483,59.59,59,75,2.24,broken clouds
303,Longyearbyen,SJ,78.2186,15.6401,39.04,75,75,10.36,broken clouds
304,Chuy,UY,-33.6971,-53.4616,54.7,84,66,9.33,broken clouds
305,Marsh Harbour,BS,26.5412,-77.0636,82.42,77,74,15.48,broken clouds
306,Batagay-Alyta,RU,67.8006,130.4114,72.61,32,90,2.95,overcast clouds
307,Bilma,NE,18.6853,12.9164,90.05,19,35,8.99,scattered clouds
308,Caltagirone,IT,37.2368,14.5126,80.83,32,33,1.01,scattered clouds
309,Gigmoto,PH,13.7796,124.39,82.36,78,100,5.77,overcast clouds
310,Rosarito,MX,32.3333,-117.0333,73.83,73,75,13.18,broken clouds
311,Whyalla,AU,-33.0333,137.5833,51.69,93,90,11.5,overcast clouds
312,Angleton,US,29.1694,-95.4319,94.08,69,50,8.34,scattered clouds
313,Adrar,MR,20.5022,-10.0711,90.03,16,9,15.95,clear sky
314,Luzhou,CN,28.8724,105.4405,75.79,79,82,0.98,broken clouds
315,Sorland,NO,67.667,12.6934,49.24,78,48,7.18,scattered clouds
316,Leninskoye,KZ,41.7589,69.3864,65.98,34,38,3.56,scattered clouds
317,Cochrane,CA,51.1834,-114.4687,89.42,24,1,20.71,clear sky
318,Losino-Petrovskiy,RU,55.8696,38.2006,73.99,81,11,3.62,few clouds
319,Krasnoselkup,RU,65.7,82.4667,41.13,92,100,8.86,overcast clouds
320,Krasnogvardeyets,RU,52.6804,52.3635,70.41,74,4,4.36,clear sky
321,Kungurtug,RU,50.5994,97.5228,54.5,71,46,2.98,scattered clouds
322,Novo Aripuana,BR,-5.1206,-60.3797,78.26,72,62,1.43,broken clouds
323,Ulladulla,AU,-35.35,150.4667,57.87,78,100,6.38,moderate rain
324,Chumikan,RU,54.7183,135.315,43.79,83,95,7.63,overcast clouds
325,Lala,PH,7.9745,123.7458,76.55,92,56,0.04,broken clouds
326,Dunedin,NZ,-45.8742,170.5036,50.81,56,42,1.99,scattered clouds
327,Roebourne,AU,-20.7833,117.1333,56.23,52,55,14.32,broken clouds
328,Praia Da Vitoria,PT,38.7333,-27.0667,66.76,72,75,3.98,broken clouds
329,Masunga,BW,-20.6246,27.4488,50.86,61,12,7.2,few clouds
330,Valparaiso,CL,-33.0393,-71.6273,61.72,79,0,11.5,light rain
331,Ovalle,CL,-30.5983,-71.2003,56.62,55,59,3.04,broken clouds
332,Naukot,PK,24.8587,69.4024,82.99,71,1,14.99,clear sky
333,Bara,NG,10.3744,10.7288,73.83,84,92,4.85,overcast clouds
334,Hay River,CA,60.8156,-115.7999,66.18,55,75,12.66,light rain
335,Hamilton,US,39.1834,-84.5333,71.62,42,5,1.01,clear sky
336,Aksu,CN,41.1231,80.2644,67.46,44,78,7.09,broken clouds
337,Moron,AR,-34.6534,-58.6198,57.97,85,8,3.0,clear sky
338,The Valley,AI,18.217,-63.0578,82.54,65,20,16.11,few clouds
339,Cockburn Town,TC,21.4612,-71.1419,84.16,65,40,16.11,scattered clouds
340,Necochea,AR,-38.5473,-58.7368,48.04,87,76,11.1,broken clouds
341,Devarkonda,IN,16.7,78.9333,84.96,55,100,12.41,overcast clouds
342,Chicama,PE,-7.8447,-79.1469,64.94,78,4,9.1,clear sky
343,Northam,GB,51.0333,-4.2167,56.39,85,15,9.31,few clouds
344,Leningradskiy,RU,69.3833,178.4167,46.74,61,85,10.83,overcast clouds
345,Vao,NC,-22.6667,167.4833,69.31,66,61,19.17,broken clouds
346,Ternate,ID,0.8,127.4,80.22,80,60,3.0,broken clouds
347,Cap Malheureux,MU,-19.9842,57.6142,68.49,78,12,7.0,light rain
348,Arraial Do Cabo,BR,-22.9661,-42.0278,69.76,83,75,6.91,broken clouds
349,Lucapa,AO,-8.4192,20.7447,64.69,46,8,3.96,clear sky
350,Kenai,US,60.5544,-151.2583,64.02,72,100,5.21,overcast clouds
351,Ketchikan,US,55.3422,-131.6461,62.74,56,99,4.18,overcast clouds
352,Ibra,OM,22.6906,58.5334,81.81,51,2,1.12,clear sky
353,Zaysan,KZ,47.4667,84.8667,49.62,70,75,3.51,broken clouds
354,Camana,PE,-16.6228,-72.7111,62.83,84,98,3.44,overcast clouds
355,Atagay,RU,55.1033,99.3875,54.43,65,43,4.59,scattered clouds
356,El Asintal,GT,14.6,-91.7333,85.55,83,40,9.22,scattered clouds
357,Miajadas,ES,39.1513,-5.9084,67.77,63,29,4.03,scattered clouds
358,State College,US,40.7934,-77.86,65.89,54,76,1.01,broken clouds
359,Bilibino,RU,68.0546,166.4372,66.36,40,82,1.39,broken clouds
360,Bandarbeyla,SO,9.4942,50.8122,76.84,81,96,24.47,overcast clouds
361,Mbini,GQ,1.574,9.6134,75.06,89,92,2.77,light rain
362,Rawah,IQ,34.4816,41.9093,82.85,26,0,10.42,clear sky
363,Nishihara,JP,26.1842,127.7558,73.06,94,75,8.05,light rain
364,Macapa,BR,0.0389,-51.0664,85.98,74,20,8.05,few clouds
365,Dalvik,IS,65.9702,-18.5286,46.33,97,100,6.26,overcast clouds
366,Walvis Bay,NA,-22.9575,14.5053,59.95,77,0,3.44,clear sky
367,Waipawa,NZ,-41.4122,175.5153,50.63,80,72,10.38,broken clouds
368,Iquique,CL,-20.2208,-70.1431,62.64,82,100,2.37,overcast clouds
369,Dagua,CO,3.6569,-76.6886,81.1,95,99,3.8,overcast clouds
370,Boa Vista,BR,2.8197,-60.6733,78.78,83,75,2.3,moderate rain
371,Oktyabrskiy,RU,54.4815,53.471,70.39,79,45,4.65,scattered clouds
372,Russell,US,32.3502,-85.1999,85.15,64,75,9.22,broken clouds
373,Bambanglipuro,ID,-7.95,110.2833,57.6,92,92,3.98,overcast clouds
374,Hobyo,SO,5.3505,48.5268,76.71,82,97,20.83,overcast clouds
375,Antananarivo,MG,-18.9137,47.5361,51.76,87,75,8.05,broken clouds
376,Yulara,AU,-25.2406,130.9889,44.44,100,90,4.61,overcast clouds
377,Kabare,CD,-2.4683,28.8242,57.51,92,37,1.41,scattered clouds
378,Japoata,BR,-10.3467,-36.8011,70.81,92,1,4.0,clear sky
379,Pavullo Nel Frignano,IT,44.3315,10.835,67.66,48,27,5.77,scattered clouds
380,Kidal,ML,18.4411,1.4078,93.49,16,31,6.02,scattered clouds
381,Tabuk,PH,17.4189,121.4443,78.46,76,100,2.53,overcast clouds
382,Zhezkazgan,KZ,47.8043,67.7144,60.12,46,54,5.88,broken clouds
383,Shangrao,CN,28.4532,117.9686,70.63,86,97,5.66,overcast clouds
384,Lagoa,PT,39.05,-27.9833,65.16,75,93,3.06,overcast clouds
385,Maldonado,UY,-34.6667,-54.9167,52.99,91,43,7.67,scattered clouds
386,Tambacounda,SN,13.7539,-13.7586,93.25,66,0,6.91,clear sky
387,Codrington,AU,-38.2667,141.9667,52.59,83,100,17.34,overcast clouds
388,Kalmunai,LK,7.4167,81.8167,78.03,83,100,5.1,overcast clouds
389,Yining,CN,29.0361,114.5636,71.89,78,97,1.01,overcast clouds
390,Merauke,ID,-8.4667,140.3333,79.38,82,98,14.67,overcast clouds
391,Korla,CN,41.7597,86.1469,69.21,24,20,8.66,few clouds
392,Ibanda,TZ,-2.7974,32.4746,61.7,67,24,4.76,few clouds
393,San Quintin,MX,30.4833,-115.95,70.92,70,67,12.68,broken clouds
394,Victor Harbor,AU,-35.5667,138.6167,54.72,85,100,1.99,overcast clouds
395,Idlib,SY,35.9306,36.6339,65.01,87,0,7.72,clear sky
396,Saint-Pierre,RE,-21.3393,55.4781,63.28,78,0,5.75,light rain
397,Mhlume,SZ,-26.0333,31.85,57.0,68,1,2.51,clear sky
398,Kargasok,RU,59.0556,80.8572,41.67,77,29,5.44,scattered clouds
399,Beloha,MG,-25.1667,45.05,62.38,93,0,9.35,clear sky
400,Arona,ES,28.0996,-16.681,63.73,71,20,4.0,few clouds
401,Bakchar,RU,57.0186,82.0711,41.63,86,86,4.74,overcast clouds
402,Sept-Iles,CA,50.2001,-66.3821,63.03,68,75,1.99,broken clouds
403,Bhatkal,IN,13.9667,74.5667,79.0,85,100,4.52,overcast clouds
404,Kudahuvadhoo,MV,2.6708,72.8944,82.4,75,96,12.21,overcast clouds
405,Constitucion,CL,-35.3333,-72.4167,56.95,83,100,19.89,light rain
406,La Ronge,CA,55.1001,-105.2842,80.85,26,90,4.61,overcast clouds
407,Sulangan,PH,11.1373,123.7228,82.9,71,100,3.56,moderate rain
408,Krasnoarmeyskoye,RU,52.7182,50.0322,72.3,68,0,2.48,clear sky
409,Naantali,FI,60.4674,22.0243,66.36,94,0,3.44,clear sky
410,Tazovskiy,RU,67.4667,78.7,37.36,94,100,15.35,light rain
411,Bourail,NC,-21.5667,165.4833,69.96,64,44,11.05,scattered clouds
412,Nanortalik,GL,60.1432,-45.2371,42.8,91,62,4.05,broken clouds
413,Arlit,NE,18.7369,7.3853,89.24,11,0,5.68,clear sky
414,Hervey Bay,AU,-25.2986,152.8535,66.04,84,52,1.01,broken clouds
415,Puqi,CN,29.7167,113.8833,73.81,69,99,1.88,overcast clouds
416,Linhares,BR,-19.3911,-40.0722,66.51,83,55,3.47,broken clouds
417,Hambantota,LK,6.1241,81.1185,79.27,82,99,15.21,overcast clouds
418,Kotelnich,RU,58.3089,48.348,67.35,80,15,3.96,few clouds
419,Aasiaat,GL,68.7098,-52.8699,40.89,68,0,13.44,clear sky
420,Sao Filipe,CV,14.8961,-24.4956,73.38,82,60,3.58,broken clouds
421,Alofi,NU,-19.0595,-169.9187,78.69,69,75,5.75,broken clouds
422,Husavik,IS,66.0449,-17.3389,46.31,97,100,17.0,overcast clouds
423,Salalah,OM,17.0151,54.0924,79.54,85,85,7.56,overcast clouds
424,Nikki,BJ,9.9401,3.2108,72.57,94,69,6.55,light rain
425,Arman,RU,59.7,150.1667,51.91,79,100,4.07,overcast clouds
426,Pemba,MZ,-12.974,40.5178,72.3,83,75,5.99,broken clouds
427,Penzance,GB,50.1186,-5.5371,56.41,91,26,14.56,scattered clouds
428,Sidi Ali,DZ,36.0998,0.4206,65.91,73,7,5.77,clear sky
429,Matola,MZ,-25.9622,32.4589,62.51,80,0,4.52,clear sky
430,Takapau,NZ,-40.0333,176.35,47.17,74,99,6.33,overcast clouds
431,Lasa,IT,46.6166,10.7002,63.36,85,41,3.85,scattered clouds
432,Bukachacha,RU,52.9833,116.9167,64.54,83,93,0.81,overcast clouds
433,Provideniya,RU,64.3833,-173.3,50.11,66,0,11.18,clear sky
434,Karpogory,RU,64.0019,44.4451,66.92,81,74,2.46,light rain
435,Imbituba,BR,-28.24,-48.6703,62.49,93,76,1.61,broken clouds
436,Henties Bay,NA,-22.116,14.2845,58.86,81,0,8.63,clear sky
437,Sassandra,CI,4.95,-6.0833,76.12,90,100,6.17,light rain
438,Luangwa,ZM,-15.6167,30.4167,59.81,86,39,2.1,scattered clouds
439,Bathsheba,BB,13.2167,-59.5167,79.41,73,40,19.57,scattered clouds
440,Charters Towers,AU,-20.1,146.2667,65.7,69,25,13.62,scattered clouds
441,Hasaki,JP,35.7333,140.8333,70.2,84,100,13.02,overcast clouds
442,Inuvik,CA,68.3499,-133.7218,61.56,68,75,12.66,broken clouds
443,Farah,AF,32.5,62.5,74.89,13,0,4.27,clear sky
444,Mount Gambier,AU,-37.8333,140.7667,51.71,93,90,17.27,light rain
445,Payson,US,40.0444,-111.7321,97.56,10,90,18.01,overcast clouds
446,Daraitan,PH,14.6028,121.4319,78.53,87,100,3.29,overcast clouds
447,Cumpas,MX,29.9833,-109.7833,100.26,26,54,9.22,broken clouds
448,Ugoofaaru,MV,5.6667,73.0,82.08,77,100,16.37,overcast clouds
449,Smithers,CA,54.7804,-127.1743,73.72,33,20,6.91,few clouds
450,Grand Forks,US,47.9417,-97.4337,80.78,40,47,8.46,scattered clouds
451,Sibolga,ID,1.7427,98.7792,73.38,87,100,2.73,overcast clouds
452,Bollnas,SE,61.3482,16.3946,55.38,98,100,3.38,overcast clouds
453,Bonoua,CI,5.2741,-3.595,78.42,87,100,5.14,overcast clouds
454,Fairbanks,US,64.8378,-147.7164,81.1,42,75,10.36,broken clouds
455,Suzun,RU,53.7841,82.3116,48.88,98,100,3.96,overcast clouds
456,Chiredzi,ZW,-21.05,31.6667,57.63,80,0,2.33,clear sky
457,Yingcheng,CN,30.95,113.55,73.45,70,84,4.07,broken clouds
458,Hami,CN,42.8,93.45,76.89,28,95,6.33,overcast clouds
459,Marrakesh,MA,31.6315,-8.0083,68.07,60,0,10.36,clear sky
460,Queanbeyan,AU,-35.35,149.2333,44.65,95,75,0.0,light rain
461,Karratha,AU,-20.7377,116.8463,56.1,52,51,13.76,broken clouds
462,San-Pedro,CI,4.7485,-6.6363,76.01,91,100,7.05,light rain
463,Concepcion Del Oro,MX,24.6333,-101.4167,70.74,49,98,0.65,overcast clouds
464,Spanish Town,JM,17.9911,-76.9574,85.68,79,20,20.71,few clouds
465,Numan,NG,9.4667,12.0333,75.31,81,100,5.99,overcast clouds
466,Igrim,RU,63.1906,64.4162,42.15,92,25,5.08,scattered clouds
467,Auki,SB,-8.7676,160.7034,81.95,75,63,8.39,light rain
468,Lata,PT,40.1629,-8.3327,60.82,93,69,1.5,broken clouds
469,Pucallpa,PE,-8.3791,-74.5539,86.04,62,40,4.61,scattered clouds
470,Mercedes,AR,-34.6515,-59.4307,55.85,88,13,8.52,few clouds
471,Esil,KZ,51.9556,66.4042,58.14,73,19,8.01,few clouds
472,Teguise,ES,29.0605,-13.564,66.42,73,40,18.41,scattered clouds
473,Okhotsk,RU,59.3833,143.3,46.98,85,100,4.23,overcast clouds
474,Pendleton,US,45.6721,-118.7886,92.12,31,96,8.01,overcast clouds
475,Srednekolymsk,RU,67.45,153.6833,71.26,36,98,3.53,overcast clouds
476,Kencong,ID,-8.2833,113.3667,74.46,91,66,2.19,broken clouds
477,San Borja,BO,-14.8167,-66.85,74.23,81,88,0.98,overcast clouds
478,Ofaqim,IL,31.3141,34.6203,73.74,78,0,4.61,clear sky
479,Avera,US,33.194,-82.5271,80.26,83,100,7.99,overcast clouds
480,Bahia Blanca,AR,-38.7196,-62.2724,51.46,78,100,9.26,overcast clouds
481,Baiyin,CN,36.5583,104.2081,67.08,41,99,5.86,overcast clouds
482,Sinnamary,GF,5.3833,-52.95,78.37,83,16,7.94,few clouds
483,Aswan,EG,24.0934,32.907,89.69,18,0,13.11,clear sky
484,Payyannur,IN,12.1,75.2,77.13,90,100,6.06,overcast clouds
485,Suntar,RU,62.1444,117.6319,74.82,54,19,3.18,few clouds
486,Gua Musang,MY,4.8823,101.9644,70.68,98,92,1.19,overcast clouds
487,Luxeuil-Les-Bains,FR,47.8171,6.365,58.62,88,0,3.44,clear sky
488,Quba,AZ,41.3626,48.5152,73.09,20,10,7.07,clear sky
489,Kinsale,IE,51.7075,-8.5306,50.23,93,90,6.91,light rain
490,Piranshahr,IR,36.701,45.1413,65.14,22,0,2.64,clear sky
491,Grand Gaube,MU,-20.0064,57.6608,68.4,78,14,7.0,light rain
492,Laguna,US,38.421,-121.4238,95.25,43,0,5.01,clear sky
493,Svetlogorsk,BY,52.6333,29.7333,66.04,92,31,6.04,scattered clouds
494,Kant,IN,27.8,79.8,87.03,55,1,5.03,clear sky
495,Talnakh,RU,69.4865,88.3972,44.28,74,84,14.34,broken clouds
496,Hualmay,PE,-11.0964,-77.6139,65.98,80,23,11.32,few clouds
497,Dongsheng,CN,39.8161,109.9776,71.56,44,89,16.35,overcast clouds
498,Muroto,JP,33.2833,134.15,71.64,74,96,7.2,overcast clouds
499,Zarubino,RU,42.63,131.0922,60.96,75,3,3.47,clear sky
500,Nuuk,GL,64.1835,-51.7216,50.88,66,5,13.0,clear sky
501,Biarritz,FR,43.4801,-1.5556,61.54,93,75,5.75,broken clouds
502,Looc,PH,12.2605,121.9926,83.05,75,100,8.86,overcast clouds
503,Souillac,MU,-20.5167,57.5167,68.38,83,75,10.36,light rain
504,Kiama,AU,-34.6833,150.8667,59.58,81,99,9.82,overcast clouds
505,Kropotkin,RU,45.4375,40.5756,67.77,80,41,1.28,scattered clouds
506,Zhanakorgan,KZ,43.9098,67.2495,67.86,32,10,9.37,clear sky
507,Shahganj,IN,26.05,82.6833,84.11,78,59,3.4,broken clouds
508,Ambilobe,MG,-13.2,49.05,63.45,79,0,4.05,clear sky
509,Maniitsoq,GL,65.4167,-52.9,45.5,71,4,10.8,clear sky
510,Teruel,ES,40.6667,-0.6667,62.56,90,79,2.89,broken clouds
511,Jaunpur,IN,25.7333,82.6833,83.97,78,65,6.29,broken clouds
512,Bonthe,SL,7.5264,-12.505,78.39,82,100,6.4,overcast clouds
513,Akyab,MM,20.15,92.9,79.79,86,100,7.58,overcast clouds
514,Darhan,MN,49.4867,105.9228,60.3,90,71,2.15,broken clouds
515,Karatau,KZ,43.1667,70.4667,57.47,42,16,3.74,few clouds
516,Blythe,US,33.6103,-114.5964,108.03,13,83,18.81,broken clouds
517,Kavaratti,IN,10.5669,72.642,82.81,75,100,17.72,overcast clouds
518,Marienburg,PL,54.0359,19.0266,64.85,95,100,6.06,overcast clouds
519,Scottsbluff,US,41.8666,-103.6672,97.81,19,1,1.99,clear sky
520,Taunggyi,MM,20.7833,97.0333,62.17,97,99,3.24,overcast clouds
521,Kushiro,JP,42.975,144.3747,52.75,100,90,9.22,fog
522,Tukrah,LY,32.5341,20.5791,82.06,36,0,7.07,clear sky
523,Tete,MZ,-16.1564,33.5867,68.29,65,69,3.67,broken clouds
524,Seoul,KR,37.5683,126.9778,69.37,72,0,8.05,clear sky
525,Langsa,ID,4.4683,97.9683,72.57,92,100,1.83,overcast clouds
526,Palembang,ID,-2.9167,104.7458,77.09,94,20,0.0,mist
527,Vila Velha,BR,-20.3297,-40.2925,71.55,78,20,5.75,few clouds
528,Hobe Sound,US,27.0595,-80.1364,86.99,74,40,0.0,scattered clouds
529,Saint Anthony,US,45.0205,-93.218,77.94,29,49,4.0,scattered clouds
530,Bijie,CN,27.3125,105.2942,65.25,85,100,1.83,overcast clouds
531,Meulaboh,ID,4.1363,96.1285,72.54,94,100,5.32,heavy intensity rain
532,Burgeo,CA,47.6167,-57.6152,56.44,99,100,10.07,overcast clouds
533,Ginir,ET,7.1333,40.7,57.74,80,71,8.99,broken clouds
534,Thunder Bay,CA,48.4001,-89.3168,58.91,77,90,5.75,overcast clouds
535,Krasnovishersk,RU,60.4078,57.082,57.36,88,100,3.47,overcast clouds
536,Caimito,CO,8.8123,-75.4107,79.11,87,100,3.44,overcast clouds
537,Maraba,BR,-5.3686,-49.1178,82.58,75,20,0.0,few clouds
538,Rio Gallegos,AR,-51.6226,-69.2181,37.45,75,0,4.61,clear sky
539,Camopi,GF,3.1655,-52.3158,74.93,85,90,3.15,overcast clouds
540,Katherine,AU,-14.4667,132.2667,70.12,83,20,3.44,few clouds
541,Sitka,US,57.0531,-135.33,55.54,79,100,4.36,overcast clouds
542,Paveh,IR,35.0434,46.3565,67.44,18,0,1.9,clear sky
543,Vallenar,CL,-28.5708,-70.7581,53.91,59,2,4.14,clear sky
544,Misratah,LY,32.3754,15.0925,82.63,53,0,13.2,clear sky
545,Mae Ramat,TH,16.984,98.5166,72.54,98,100,1.66,overcast clouds
546,Ponta Delgada,PT,37.7333,-25.6667,65.12,72,75,6.91,broken clouds
547,Ozinki,RU,51.1786,49.6769,75.97,55,18,6.49,few clouds
548,Haines Junction,CA,60.7522,-137.5108,66.15,42,33,4.61,scattered clouds
549,Surt,LY,31.2089,16.5887,82.47,45,0,11.23,clear sky
550,Cayenne,GF,4.9333,-52.3333,82.09,80,0,1.01,clear sky
551,Upata,VE,8.0086,-62.3989,70.2,98,100,3.65,overcast clouds
552,Sola,VU,-13.8833,167.55,79.72,77,50,17.05,scattered clouds
553,Saint-Joseph,RE,-21.3667,55.6167,62.2,81,59,11.99,light rain
554,Clyde River,CA,70.4692,-68.5914,34.03,100,90,16.11,overcast clouds
555,Evensk,RU,61.95,159.2333,58.14,63,89,4.99,overcast clouds
556,Mutoko,ZW,-17.397,32.2268,50.72,78,26,3.18,scattered clouds
557,Dharchula,IN,29.85,80.5333,69.55,85,2,3.22,clear sky
558,Westport,US,41.1415,-73.3579,64.33,93,100,3.0,moderate rain
559,Diksmuide,BE,51.0333,2.8667,57.11,79,75,13.8,broken clouds
560,La Asuncion,VE,11.0333,-63.8628,76.73,94,45,11.5,scattered clouds
561,Paralimni,CY,35.0375,33.9833,74.28,86,0,1.99,clear sky
562,Hudson,US,40.7168,-74.0663,64.54,87,90,11.01,overcast clouds
563,Ghanzi,BW,-21.5667,21.7833,49.6,61,0,1.77,clear sky
564,Vardo,NO,70.3705,31.1107,45.01,87,96,24.25,overcast clouds
565,Komagane,JP,35.7296,137.9396,68.18,78,100,2.06,overcast clouds
566,Dolinsk,RU,47.35,142.8,57.06,52,5,7.38,clear sky
567,Ilhabela,BR,-23.7781,-45.3581,65.34,91,63,6.06,broken clouds
568,Lorengau,PG,-2.0226,147.2712,82.27,79,26,7.11,scattered clouds
569,Abilene,US,32.4487,-99.7331,91.89,57,40,1.99,scattered clouds
570,Tura,IN,25.5198,90.2201,73.99,95,98,5.61,overcast clouds
571,Amasya,TR,40.6667,35.8333,65.88,93,40,0.47,scattered clouds
572,Somvarpet,IN,12.6,75.8667,65.39,96,100,4.41,overcast clouds
573,Sale,MA,34.0389,-6.8166,66.74,88,40,0.0,scattered clouds
574,Halifax,CA,44.6453,-63.5724,72.41,95,82,3.0,broken clouds
575,Rurrenabaque,BO,-14.4413,-67.5278,71.29,100,90,0.0,light intensity drizzle
576,Yellandu,IN,17.6,80.3333,82.38,62,100,6.71,overcast clouds
577,Nantucket,US,41.2835,-70.0995,69.94,95,90,8.05,light rain
578,Champerico,GT,14.3,-91.9167,90.14,74,97,6.38,overcast clouds
579,Kasane,BW,-17.8167,25.15,52.36,60,4,4.94,clear sky
580,Lahaina,US,20.8783,-156.6825,83.95,78,74,6.82,broken clouds
581,Veraval,IN,20.9,70.3667,84.18,75,96,9.26,overcast clouds
582,Quchan,IR,37.106,58.5095,65.37,27,0,4.0,clear sky
583,Porto Santo,PT,33.072,-16.3415,68.38,73,75,12.66,broken clouds
584,Senneterre,CA,48.3835,-77.2328,53.82,43,100,5.28,overcast clouds
585,Bindi,SL,9.9167,-11.45,70.61,95,71,1.92,light rain
586,Rocha,UY,-34.4833,-54.3333,48.9,94,33,6.93,scattered clouds
587,Oranjemund,NA,-28.55,16.4333,56.66,97,15,2.8,few clouds
588,Hailar,CN,49.2,119.7,67.24,62,68,3.89,broken clouds
589,Moose Factory,CA,51.2585,-80.6094,53.58,66,90,0.0,overcast clouds
590,Mugur-Aksy,RU,50.35,90.5,46.13,59,25,2.62,scattered clouds
591,Kuvshinovo,RU,57.0295,34.1725,67.3,83,7,4.83,clear sky
592,Voiron,FR,45.3639,5.5921,65.75,92,6,3.91,clear sky
593,Njinikom,CM,6.2333,10.2833,61.61,96,100,2.51,overcast clouds
594,Bajil,YE,15.0584,43.2851,87.49,65,60,4.56,broken clouds
595,Bjornevatn,NO,69.6672,29.9847,48.54,87,40,11.5,scattered clouds
596,Shimoda,JP,34.6667,138.95,75.16,79,100,12.62,overcast clouds
597,Baykit,RU,61.67,96.37,58.41,62,85,2.35,overcast clouds
598,Staryy Nadym,RU,65.6118,72.6842,43.34,64,100,15.97,overcast clouds
599,Yeppoon,AU,-23.1333,150.7333,62.38,60,87,13.24,overcast clouds
600,Ostrogozhsk,RU,50.8664,39.0756,69.96,73,5,8.99,clear sky
601,Berlevag,NO,70.8578,29.0864,44.29,92,100,20.56,overcast clouds
602,Mayo,US,38.8876,-76.5119,70.21,82,100,3.0,overcast clouds
603,Wellington,NZ,-41.2866,174.7756,50.05,81,23,7.0,few clouds
604,Tocopilla,CL,-22.092,-70.1979,60.55,74,100,5.1,moderate rain
605,Kharp,RU,66.8014,65.8081,44.76,68,42,4.81,scattered clouds
606,Asosa,ET,10.0667,34.5333,60.12,94,86,5.35,light rain
607,Newport,GB,51.5877,-2.9984,56.86,75,62,2.33,broken clouds
608,Hollister,US,36.8525,-121.4016,81.82,57,1,1.99,clear sky
609,Fomboni,KM,-12.28,43.7425,78.46,61,100,14.14,overcast clouds
610,Kholm,RU,59.2667,32.85,70.11,71,99,5.55,overcast clouds
611,Airai,TL,-8.9266,125.4092,62.24,88,23,1.28,few clouds
612,Namie,JP,37.4833,141.0,72.72,90,100,4.92,overcast clouds
613,Jiaozhou,CN,36.2839,120.0033,73.36,41,17,5.46,few clouds
614,Floro,NO,61.5996,5.0328,51.76,82,20,13.8,few clouds
615,Tokur,RU,53.1333,132.9,62.73,79,70,3.18,broken clouds
616,Iregszemcse,HU,46.6929,18.1858,70.23,60,0,6.02,clear sky
617,Solnechnyy,RU,50.7214,136.6319,72.1,53,96,1.88,overcast clouds
618,Virginia Beach,US,36.8529,-75.978,70.02,90,100,11.23,light rain
619,Crixas,BR,-14.5489,-49.9692,76.55,33,18,3.4,few clouds
620,High Rock,BS,26.6208,-78.2833,86.02,78,6,15.39,clear sky
621,Nhulunbuy,AU,-12.2333,136.7667,81.21,78,51,12.66,broken clouds
622,Varna,BG,43.2167,27.9167,70.45,96,0,0.0,clear sky
623,Kumbo,CM,6.2,10.6667,59.0,94,100,0.45,overcast clouds
624,Simpang,ID,-1.2667,104.0833,72.45,98,61,2.57,moderate rain
625,Isfana,KG,39.8386,69.5306,55.96,44,0,3.22,clear sky
626,Gushikawa,JP,26.3544,127.8686,72.99,100,90,5.75,mist
627,Anadyr,RU,64.75,177.4833,54.1,62,0,13.42,clear sky
628,Genhe,CN,50.7833,121.5167,66.67,67,1,2.42,clear sky
629,Vestmanna,FO,62.1564,-7.1664,45.52,100,90,5.75,drizzle
630,Sultanpur,IN,26.2667,82.0667,84.43,78,13,4.79,few clouds
631,Tondano,ID,1.3038,124.9112,66.29,87,55,1.23,broken clouds
632,Saint-Georges,GD,12.0564,-61.7485,80.28,83,20,13.8,few clouds
633,Liverpool,GB,53.4106,-2.9779,57.15,81,1,1.01,clear sky
634,Ayan,RU,56.45,138.1667,45.91,90,49,15.48,scattered clouds
635,Xichang,CN,27.8964,102.2634,64.36,80,100,0.83,overcast clouds
636,Bahawalpur,PK,29.4,71.6833,96.4,30,0,12.93,clear sky
637,Hanmer Springs,NZ,-42.5167,172.8167,44.8,75,80,1.34,broken clouds
638,Lanzhou,CN,36.0564,103.7922,69.08,50,95,2.51,overcast clouds
639,Magdagachi,RU,53.45,125.8,70.59,67,30,1.59,scattered clouds
640,Santa Isabel Do Rio Negro,BR,-0.4139,-65.0192,78.57,80,66,2.42,broken clouds
641,Ust-Koksa,RU,50.2696,85.6108,39.52,95,83,2.91,light rain
642,San Andres,CO,12.5847,-81.7006,84.22,79,90,8.05,overcast clouds
643,Tupik,RU,54.4253,119.9327,68.47,67,6,2.98,clear sky
644,Santiago De Cao,PE,-7.9589,-79.2392,66.33,82,75,6.91,broken clouds
645,Wenling,CN,28.3669,121.36,70.92,83,1,4.83,clear sky
646,Cua,VE,10.1589,-66.8858,80.22,92,72,1.99,broken clouds
647,Tautira,PF,-17.7333,-149.15,86.02,78,17,5.23,few clouds
648,Mabaruma,GY,8.2,-59.7833,75.61,91,97,3.4,overcast clouds
649,Banda Aceh,ID,5.5577,95.3222,77.47,76,100,17.96,overcast clouds
650,Impfondo,CG,1.6381,18.0667,67.8,99,96,1.21,overcast clouds
651,Orbetello,IT,42.4408,11.2196,73.24,88,0,4.83,clear sky
652,Baoro,CF,5.6667,15.9667,66.51,97,89,2.93,overcast clouds
653,Faya,SA,18.3851,42.4509,71.71,13,0,8.57,clear sky
654,Dapdap,PH,12.062,125.4881,79.65,82,100,1.88,light rain
655,Tambun,ID,-6.2641,107.0712,79.48,94,20,4.61,haze
656,Mama,RU,58.3106,112.8986,70.0,76,20,0.4,few clouds
657,Bagan,RU,54.1001,77.6646,49.14,86,98,5.06,overcast clouds
658,Ploemeur,FR,47.7333,-3.4333,55.94,84,0,10.36,clear sky
659,Novyy Urengoy,RU,66.0833,76.6333,38.98,95,100,13.0,light rain
660,Bognor Regis,GB,50.7821,-0.6798,54.99,82,99,11.16,overcast clouds
661,Kirkuk,IQ,35.4681,44.3922,85.21,20,0,7.85,clear sky
662,Helong,CN,42.5397,128.9972,61.41,74,0,1.68,clear sky
663,Gardez,AF,33.5974,69.2259,58.82,37,1,4.38,clear sky
664,Hospet,IN,15.2667,76.4,75.54,81,100,12.15,overcast clouds
665,Lavrentiya,RU,65.5833,-171.0,50.09,69,39,2.48,scattered clouds
666,Inhambane,MZ,-23.865,35.3833,66.9,85,3,4.9,clear sky
667,Ende,ID,-8.8432,121.6623,76.6,89,12,2.28,few clouds
668,Rudsar,IR,37.1376,50.288,75.85,53,0,4.52,clear sky
669,Kirensk,RU,57.7853,108.1119,65.16,69,91,4.03,overcast clouds
670,Vostok,RU,46.4856,135.8833,70.25,48,4,2.17,clear sky
671,Rafai,CF,4.95,23.9167,68.77,99,98,1.23,heavy intensity rain
672,Nurota,UZ,40.5614,65.6886,69.89,27,0,12.35,clear sky
673,Vanavara,RU,60.34,102.2797,56.59,62,93,5.28,overcast clouds
674,Tevriz,RU,57.509,72.4042,44.46,81,98,4.0,overcast clouds
675,Maragogi,BR,-9.0122,-35.2225,75.36,84,7,6.55,clear sky
676,Hirara,JP,24.8,125.2833,78.66,100,75,3.44,broken clouds
677,Juan Lacaze,UY,-34.4342,-57.4381,54.12,88,4,10.42,clear sky
678,Vincennes,FR,48.85,2.4333,57.99,90,90,8.05,overcast clouds
679,Gurlan,UZ,41.8447,60.3919,73.31,25,0,12.97,clear sky
680,Shieli,KZ,44.1667,66.75,67.39,33,4,8.57,clear sky
681,Udachnyy,RU,66.4167,112.4,72.99,51,52,9.84,broken clouds
682,Tari,NG,12.4086,4.4914,82.78,63,51,6.02,broken clouds
683,Nagua,DO,19.3832,-69.8474,81.45,89,75,9.22,broken clouds
684,Mehran,IR,33.1222,46.1646,90.88,13,0,19.28,clear sky
685,Sao Gabriel Da Cachoeira,BR,-0.1303,-67.0892,73.2,95,47,1.45,scattered clouds
686,Bako,ET,5.7833,36.5667,62.13,78,59,5.41,broken clouds
687,San Vicente,AR,-26.6167,-54.1333,53.37,96,68,2.15,broken clouds
688,Ashland,US,40.8167,-82.2665,66.27,41,15,3.56,few clouds
689,Atar,MR,20.5169,-13.0499,91.72,16,40,11.97,scattered clouds
690,Half Moon Bay,US,37.4636,-122.4286,83.91,61,1,1.01,clear sky
691,Honjo,JP,36.2333,139.1833,72.57,73,100,4.72,overcast clouds
692,Mysliborz,PL,52.9238,14.8679,55.89,90,4,4.83,clear sky
693,Liku,ID,-0.7275,119.8922,76.06,85,59,3.2,broken clouds
694,Whitehorse,CA,60.7161,-135.0538,67.1,39,75,3.0,broken clouds
695,Tromso,NO,69.6496,18.957,44.62,81,20,4.61,few clouds
696,Sabha,LY,27.0377,14.4283,91.98,18,3,17.81,clear sky
697,Ladario,BR,-19.0047,-57.6017,77.09,57,61,2.95,broken clouds
698,Valleyview,CA,55.0667,-117.2859,78.84,24,31,13.8,scattered clouds
699,Talara,PE,-4.5772,-81.2719,68.16,84,76,13.42,broken clouds
700,Blyth,GB,55.1271,-1.5086,52.34,72,16,4.61,few clouds
701,Portland,US,45.5234,-122.6762,88.63,46,89,1.99,overcast clouds
